id,name,price
1,Product_1,1940.39
2,Product_2,625.28
3,Product_3,238.71
4,Product_4,77.03
5,Product_5,1567.65
6,Product_6,499.24
7,Product_7,373.55
8,Product_8,286.05
9,Product_9,210.96
10,Product_10,734.0
11,Product_11,1112.78
12,Product_12,156.82
13,Product_13,1505.1
14,Product_14,742.99
15,Product_15,1714.51
16,Product_16,1200.25
17,Product_17,1862.17
18,Product_18,1238.36
19,Product_19,1325.22
20,Product_20,97.72
21,Product_21,1175.79
22,Product_22,1501.94
23,Product_23,46.9
24,Product_24,1841.91
25,Product_25,446.14
26,Product_26,1516.07
27,Product_27,1595.92
28,Product_28,1217.55
29,Product_29,638.28
30,Product_30,1301.77
31,Product_31,535.61
32,Product_32,924.44
33,Product_33,1616.1
34,Product_34,1075.42
35,Product_35,1441.78
36,Product_36,346.89
37,Product_37,1507.67
38,Product_38,1435.93
39,Product_39,1009.08
40,Product_40,579.98
41,Product_41,765.51
42,Product_42,706.18
43,Product_43,1376.21
44,Product_44,1639.41
45,Product_45,633.87
46,Product_46,1290.77
47,Product_47,15.02
48,Product_48,1031.47
49,Product_49,1278.69
50,Product_50,384.76
51,Product_51,804.58
52,Product_52,1912.02
53,Product_53,1548.1
54,Product_54,855.92
55,Product_55,1462.11
56,Product_56,1744.31
57,Product_57,1425.26
58,Product_58,1116.38
59,Product_59,1325.9
60,Product_60,950.95
61,Product_61,1574.0
62,Product_62,229.27
63,Product_63,1735.02
64,Product_64,1900.09
65,Product_65,538.96
66,Product_66,1694.56
67,Product_67,1224.96
68,Product_68,501.21
69,Product_69,1107.84
70,Product_70,1937.17
71,Product_71,1268.9
72,Product_72,1967.25
73,Product_73,652.0
74,Product_74,296.19
75,Product_75,1944.47
76,Product_76,1251.5
77,Product_77,11.1
78,Product_78,1031.57
79,Product_79,800.38
80,Product_80,1042.26
81,Product_81,37.31
82,Product_82,1555.88
83,Product_83,65.47
84,Product_84,330.97
85,Product_85,1973.95
86,Product_86,68.66
87,Product_87,842.49
88,Product_88,178.79
89,Product_89,27.13
90,Product_90,385.59
91,Product_91,1574.82
92,Product_92,34.18
93,Product_93,975.43
94,Product_94,1807.5
95,Product_95,1179.27
96,Product_96,380.77
97,Product_97,1241.62
98,Product_98,493.49
99,Product_99,626.39
100,Product_100,1286.8
101,Product_101,1860.01
102,Product_102,1579.6
103,Product_103,418.14
104,Product_104,1394.93
105,Product_105,1592.53
106,Product_106,1936.65
107,Product_107,1939.42
108,Product_108,1784.6
109,Product_109,1637.26
110,Product_110,1582.22
111,Product_111,1721.36
112,Product_112,772.23
113,Product_113,1923.41
114,Product_114,1505.69
115,Product_115,560.31
116,Product_116,931.69
117,Product_117,367.4
118,Product_118,619.2
119,Product_119,1467.79
120,Product_120,1641.32
121,Product_121,1604.1
122,Product_122,1324.18
123,Product_123,186.0
124,Product_124,54.37
125,Product_125,718.05
126,Product_126,815.94
127,Product_127,277.62
128,Product_128,1339.23
129,Product_129,1514.03
130,Product_130,255.26
131,Product_131,1678.24
132,Product_132,129.48
133,Product_133,1218.89
134,Product_134,1661.91
135,Product_135,1720.57
136,Product_136,1274.06
137,Product_137,1166.9
138,Product_138,1916.06
139,Product_139,150.5
140,Product_140,1584.67
141,Product_141,1207.54
142,Product_142,384.04
143,Product_143,80.6
144,Product_144,1535.21
145,Product_145,859.38
146,Product_146,367.91
147,Product_147,653.31
148,Product_148,1382.66
149,Product_149,819.88
150,Product_150,250.11
151,Product_151,15.95
152,Product_152,1148.38
153,Product_153,1431.32
154,Product_154,1339.0
155,Product_155,725.67
156,Product_156,826.75
157,Product_157,1959.95
158,Product_158,975.78
159,Product_159,1235.79
160,Product_160,1338.48
161,Product_161,347.11
162,Product_162,1854.69
163,Product_163,1244.23
164,Product_164,1825.78
165,Product_165,87.79
166,Product_166,1763.64
167,Product_167,590.82
168,Product_168,808.87
169,Product_169,762.89
170,Product_170,1503.92
171,Product_171,1896.41
172,Product_172,1152.4
173,Product_173,697.11
174,Product_174,738.82
175,Product_175,835.15
176,Product_176,541.38
177,Product_177,425.82
178,Product_178,1043.56
179,Product_179,109.1
180,Product_180,463.88
181,Product_181,440.92
182,Product_182,1568.52
183,Product_183,545.7
184,Product_184,1065.85
185,Product_185,670.93
186,Product_186,244.27
187,Product_187,1162.8
188,Product_188,1404.84
189,Product_189,1792.26
190,Product_190,174.49
191,Product_191,661.41
192,Product_192,1940.55
193,Product_193,1388.7
194,Product_194,77.79
195,Product_195,944.43
196,Product_196,576.9
197,Product_197,1382.62
198,Product_198,747.06
199,Product_199,1250.92
200,Product_200,1282.72
201,Product_201,1659.82
202,Product_202,816.54
203,Product_203,1472.77
204,Product_204,54.26
205,Product_205,32.04
206,Product_206,297.58
207,Product_207,1659.02
208,Product_208,263.56
209,Product_209,1085.22
210,Product_210,1463.73
211,Product_211,1138.84
212,Product_212,1729.78
213,Product_213,1618.26
214,Product_214,1329.36
215,Product_215,276.04
216,Product_216,876.37
217,Product_217,1602.31
218,Product_218,1099.41
219,Product_219,365.14
220,Product_220,986.23
221,Product_221,1957.89
222,Product_222,738.18
223,Product_223,1703.52
224,Product_224,375.05
225,Product_225,106.47
226,Product_226,17.91
227,Product_227,1790.73
228,Product_228,751.7
229,Product_229,672.66
230,Product_230,642.86
231,Product_231,603.1
232,Product_232,1911.74
233,Product_233,504.98
234,Product_234,22.64
235,Product_235,1010.98
236,Product_236,463.18
237,Product_237,672.66
238,Product_238,858.48
239,Product_239,1816.61
240,Product_240,45.61
241,Product_241,176.3
242,Product_242,688.52
243,Product_243,1097.84
244,Product_244,1735.37
245,Product_245,1295.45
246,Product_246,475.8
247,Product_247,1929.71
248,Product_248,1687.64
249,Product_249,1813.03
250,Product_250,1662.95
251,Product_251,767.13
252,Product_252,707.76
253,Product_253,1188.57
254,Product_254,64.0
255,Product_255,1999.35
256,Product_256,1123.26
257,Product_257,1849.48
258,Product_258,1109.88
259,Product_259,1963.86
260,Product_260,1836.53
261,Product_261,653.63
262,Product_262,125.7
263,Product_263,140.55
264,Product_264,70.34
265,Product_265,1432.54
266,Product_266,1298.85
267,Product_267,1809.79
268,Product_268,834.57
269,Product_269,84.86
270,Product_270,956.05
271,Product_271,1668.71
272,Product_272,707.09
273,Product_273,1547.57
274,Product_274,222.69
275,Product_275,413.24
276,Product_276,1156.72
277,Product_277,594.03
278,Product_278,1655.7
279,Product_279,887.75
280,Product_280,685.47
281,Product_281,448.16
282,Product_282,1617.14
283,Product_283,108.56
284,Product_284,1474.04
285,Product_285,1630.15
286,Product_286,32.58
287,Product_287,1972.95
288,Product_288,32.62
289,Product_289,1263.76
290,Product_290,842.22
291,Product_291,1095.25
292,Product_292,1480.34
293,Product_293,1733.94
294,Product_294,743.8
295,Product_295,940.56
296,Product_296,1828.84
297,Product_297,1934.27
298,Product_298,1756.81
299,Product_299,1509.49
300,Product_300,1642.18
301,Product_301,1050.11
302,Product_302,1187.78
303,Product_303,1456.26
304,Product_304,1578.44
305,Product_305,836.47
306,Product_306,1384.86
307,Product_307,908.2
308,Product_308,904.9
309,Product_309,1437.9
310,Product_310,1371.66
311,Product_311,1052.34
312,Product_312,1494.03
313,Product_313,634.35
314,Product_314,1532.85
315,Product_315,981.64
316,Product_316,472.17
317,Product_317,153.03
318,Product_318,556.25
319,Product_319,1513.84
320,Product_320,1680.64
321,Product_321,339.96
322,Product_322,1271.87
323,Product_323,1740.03
324,Product_324,1240.22
325,Product_325,882.84
326,Product_326,8.35
327,Product_327,1528.34
328,Product_328,1894.67
329,Product_329,314.33
330,Product_330,405.06
331,Product_331,1132.97
332,Product_332,203.11
333,Product_333,1735.34
334,Product_334,1451.86
335,Product_335,1776.06
336,Product_336,1524.81
337,Product_337,1153.6
338,Product_338,1966.53
339,Product_339,71.66
340,Product_340,1199.87
341,Product_341,694.1
342,Product_342,1499.44
343,Product_343,258.96
344,Product_344,1297.69
345,Product_345,1012.97
346,Product_346,724.13
347,Product_347,1674.73
348,Product_348,122.04
349,Product_349,828.04
350,Product_350,1960.78
351,Product_351,1823.09
352,Product_352,1807.87
353,Product_353,120.6
354,Product_354,121.45
355,Product_355,1966.48
356,Product_356,677.32
357,Product_357,93.3
358,Product_358,829.81
359,Product_359,58.79
360,Product_360,1483.7
361,Product_361,1989.69
362,Product_362,1935.86
363,Product_363,888.85
364,Product_364,586.36
365,Product_365,785.64
366,Product_366,1875.58
367,Product_367,499.36
368,Product_368,1769.81
369,Product_369,678.01
370,Product_370,406.77
371,Product_371,1778.24
372,Product_372,912.91
373,Product_373,1782.7
374,Product_374,67.47
375,Product_375,614.11
376,Product_376,682.78
377,Product_377,1359.16
378,Product_378,796.27
379,Product_379,71.15
380,Product_380,1433.69
381,Product_381,32.52
382,Product_382,1590.97
383,Product_383,1828.45
384,Product_384,980.35
385,Product_385,164.03
386,Product_386,1341.47
387,Product_387,1959.63
388,Product_388,1370.23
389,Product_389,132.71
390,Product_390,1131.42
391,Product_391,985.84
392,Product_392,1744.27
393,Product_393,1260.16
394,Product_394,30.77
395,Product_395,745.79
396,Product_396,1347.18
397,Product_397,1578.92
398,Product_398,647.89
399,Product_399,368.41
400,Product_400,278.12
401,Product_401,962.22
402,Product_402,1254.79
403,Product_403,1941.2
404,Product_404,1532.77
405,Product_405,213.33
406,Product_406,1648.18
407,Product_407,1874.0
408,Product_408,1081.57
409,Product_409,385.83
410,Product_410,1407.15
411,Product_411,1126.52
412,Product_412,989.94
413,Product_413,74.5
414,Product_414,314.78
415,Product_415,1639.84
416,Product_416,1269.88
417,Product_417,30.69
418,Product_418,959.68
419,Product_419,148.13
420,Product_420,963.26
421,Product_421,1712.23
422,Product_422,1180.46
423,Product_423,1636.53
424,Product_424,1957.72
425,Product_425,256.69
426,Product_426,1014.06
427,Product_427,1207.19
428,Product_428,722.3
429,Product_429,1093.23
430,Product_430,453.54
431,Product_431,1222.4
432,Product_432,1122.68
433,Product_433,1805.98
434,Product_434,1223.14
435,Product_435,1044.36
436,Product_436,369.22
437,Product_437,1667.96
438,Product_438,1448.02
439,Product_439,246.56
440,Product_440,234.0
441,Product_441,1531.74
442,Product_442,433.44
443,Product_443,1952.2
444,Product_444,1034.21
445,Product_445,716.17
446,Product_446,52.24
447,Product_447,1610.75
448,Product_448,1115.65
449,Product_449,582.64
450,Product_450,612.02
451,Product_451,423.75
452,Product_452,1773.21
453,Product_453,762.04
454,Product_454,219.59
455,Product_455,644.22
456,Product_456,428.11
457,Product_457,1517.27
458,Product_458,1373.46
459,Product_459,202.55
460,Product_460,461.0
461,Product_461,211.05
462,Product_462,1324.47
463,Product_463,508.06
464,Product_464,1542.6
465,Product_465,513.24
466,Product_466,1273.79
467,Product_467,546.72
468,Product_468,1772.76
469,Product_469,1494.98
470,Product_470,423.22
471,Product_471,1390.09
472,Product_472,606.22
473,Product_473,1692.87
474,Product_474,364.17
475,Product_475,1774.11
476,Product_476,383.46
477,Product_477,1457.55
478,Product_478,1259.45
479,Product_479,472.51
480,Product_480,825.43
481,Product_481,192.05
482,Product_482,1521.66
483,Product_483,723.88
484,Product_484,1234.87
485,Product_485,1150.34
486,Product_486,1488.67
487,Product_487,5.83
488,Product_488,1402.91
489,Product_489,146.24
490,Product_490,1904.13
491,Product_491,1772.6
492,Product_492,475.5
493,Product_493,1176.37
494,Product_494,983.24
495,Product_495,1169.06
496,Product_496,542.96
497,Product_497,1106.43
498,Product_498,583.18
499,Product_499,1237.71
500,Product_500,408.49
501,Product_501,630.93
502,Product_502,994.33
503,Product_503,1464.22
504,Product_504,1522.74
505,Product_505,144.13
506,Product_506,1244.59
507,Product_507,1070.8
508,Product_508,1016.31
509,Product_509,916.2
510,Product_510,627.38
511,Product_511,814.13
512,Product_512,16.66
513,Product_513,925.01
514,Product_514,1676.46
515,Product_515,206.16
516,Product_516,1835.12
517,Product_517,1835.76
518,Product_518,1716.34
519,Product_519,1812.54
520,Product_520,1317.24
521,Product_521,449.98
522,Product_522,771.14
523,Product_523,1423.2
524,Product_524,706.61
525,Product_525,538.81
526,Product_526,714.76
527,Product_527,1538.48
528,Product_528,294.07
529,Product_529,1647.22
530,Product_530,494.07
531,Product_531,908.71
532,Product_532,1014.73
533,Product_533,466.77
534,Product_534,1836.58
535,Product_535,1046.36
536,Product_536,132.54
537,Product_537,612.55
538,Product_538,490.72
539,Product_539,954.29
540,Product_540,763.17
541,Product_541,506.62
542,Product_542,883.18
543,Product_543,106.08
544,Product_544,31.67
545,Product_545,1100.78
546,Product_546,934.1
547,Product_547,760.64
548,Product_548,1210.72
549,Product_549,1907.6
550,Product_550,1852.69
551,Product_551,1843.69
552,Product_552,1402.18
553,Product_553,79.66
554,Product_554,1855.85
555,Product_555,1604.88
556,Product_556,172.71
557,Product_557,1512.16
558,Product_558,1991.31
559,Product_559,1064.87
560,Product_560,388.86
561,Product_561,1171.96
562,Product_562,1710.51
563,Product_563,1456.55
564,Product_564,582.67
565,Product_565,601.12
566,Product_566,1215.11
567,Product_567,1726.47
568,Product_568,1163.86
569,Product_569,27.61
570,Product_570,626.45
571,Product_571,655.14
572,Product_572,1255.12
573,Product_573,1350.59
574,Product_574,1204.93
575,Product_575,755.83
576,Product_576,1710.98
577,Product_577,528.45
578,Product_578,841.29
579,Product_579,465.39
580,Product_580,1916.78
581,Product_581,1766.05
582,Product_582,1180.97
583,Product_583,1525.54
584,Product_584,202.93
585,Product_585,1498.73
586,Product_586,1614.95
587,Product_587,577.35
588,Product_588,701.8
589,Product_589,52.86
590,Product_590,957.53
591,Product_591,562.23
592,Product_592,652.18
593,Product_593,143.91
594,Product_594,1751.78
595,Product_595,1727.87
596,Product_596,985.72
597,Product_597,1924.41
598,Product_598,585.87
599,Product_599,102.84
600,Product_600,1874.81
601,Product_601,1918.24
602,Product_602,676.25
603,Product_603,1499.16
604,Product_604,375.14
605,Product_605,435.3
606,Product_606,1433.91
607,Product_607,645.62
608,Product_608,256.25
609,Product_609,1208.66
610,Product_610,155.77
611,Product_611,1350.2
612,Product_612,1186.88
613,Product_613,1915.68
614,Product_614,565.48
615,Product_615,610.53
616,Product_616,847.16
617,Product_617,1305.47
618,Product_618,846.33
619,Product_619,1889.43
620,Product_620,1114.52
621,Product_621,155.7
622,Product_622,84.71
623,Product_623,1373.22
624,Product_624,1874.6
625,Product_625,6.8
626,Product_626,172.17
627,Product_627,1951.92
628,Product_628,776.65
629,Product_629,1088.05
630,Product_630,1350.49
631,Product_631,776.14
632,Product_632,1077.22
633,Product_633,1820.01
634,Product_634,1810.52
635,Product_635,382.87
636,Product_636,1055.66
637,Product_637,1249.9
638,Product_638,1252.46
639,Product_639,627.73
640,Product_640,243.48
641,Product_641,1723.9
642,Product_642,432.16
643,Product_643,22.01
644,Product_644,868.56
645,Product_645,130.42
646,Product_646,1209.06
647,Product_647,465.99
648,Product_648,575.94
649,Product_649,1792.08
650,Product_650,852.81
651,Product_651,896.47
652,Product_652,1279.37
653,Product_653,1981.01
654,Product_654,1554.55
655,Product_655,25.48
656,Product_656,1019.96
657,Product_657,1360.27
658,Product_658,438.28
659,Product_659,803.81
660,Product_660,48.56
661,Product_661,1559.13
662,Product_662,1933.49
663,Product_663,1585.79
664,Product_664,1826.84
665,Product_665,1872.7
666,Product_666,846.75
667,Product_667,1534.13
668,Product_668,1124.14
669,Product_669,754.31
670,Product_670,1371.37
671,Product_671,860.53
672,Product_672,901.32
673,Product_673,1974.87
674,Product_674,1573.27
675,Product_675,129.45
676,Product_676,1458.88
677,Product_677,994.52
678,Product_678,1598.27
679,Product_679,1025.34
680,Product_680,1395.97
681,Product_681,1665.72
682,Product_682,779.39
683,Product_683,806.64
684,Product_684,900.62
685,Product_685,1129.36
686,Product_686,506.72
687,Product_687,1928.09
688,Product_688,860.9
689,Product_689,883.85
690,Product_690,1689.81
691,Product_691,750.43
692,Product_692,858.38
693,Product_693,1248.13
694,Product_694,302.88
695,Product_695,1333.64
696,Product_696,1431.52
697,Product_697,41.9
698,Product_698,1589.64
699,Product_699,970.37
700,Product_700,675.6
701,Product_701,1556.99
702,Product_702,840.07
703,Product_703,881.28
704,Product_704,1133.01
705,Product_705,658.32
706,Product_706,1319.74
707,Product_707,699.07
708,Product_708,1942.36
709,Product_709,154.73
710,Product_710,1874.82
711,Product_711,707.13
712,Product_712,473.58
713,Product_713,1453.08
714,Product_714,9.8
715,Product_715,1660.49
716,Product_716,1582.64
717,Product_717,1006.88
718,Product_718,1717.86
719,Product_719,1754.1
720,Product_720,1307.64
721,Product_721,1834.22
722,Product_722,186.14
723,Product_723,409.06
724,Product_724,40.57
725,Product_725,1755.5
726,Product_726,993.35
727,Product_727,1789.37
728,Product_728,1103.95
729,Product_729,28.87
730,Product_730,1275.85
731,Product_731,1207.25
732,Product_732,1625.02
733,Product_733,547.7
734,Product_734,236.02
735,Product_735,788.83
736,Product_736,1095.23
737,Product_737,1833.28
738,Product_738,1355.41
739,Product_739,291.52
740,Product_740,607.1
741,Product_741,559.8
742,Product_742,1424.8
743,Product_743,1369.64
744,Product_744,839.91
745,Product_745,1086.62
746,Product_746,1734.25
747,Product_747,781.89
748,Product_748,461.49
749,Product_749,282.34
750,Product_750,588.32
751,Product_751,1715.2
752,Product_752,318.02
753,Product_753,281.52
754,Product_754,1361.72
755,Product_755,655.7
756,Product_756,1115.0
757,Product_757,629.17
758,Product_758,77.31
759,Product_759,684.3
760,Product_760,1870.82
761,Product_761,1419.82
762,Product_762,364.04
763,Product_763,328.66
764,Product_764,1832.1
765,Product_765,759.8
766,Product_766,1079.42
767,Product_767,791.25
768,Product_768,1493.21
769,Product_769,764.94
770,Product_770,708.08
771,Product_771,1404.47
772,Product_772,699.67
773,Product_773,1256.63
774,Product_774,1783.65
775,Product_775,1129.35
776,Product_776,1600.7
777,Product_777,1179.43
778,Product_778,849.13
779,Product_779,913.51
780,Product_780,867.14
781,Product_781,399.62
782,Product_782,1952.49
783,Product_783,482.51
784,Product_784,614.91
785,Product_785,1353.09
786,Product_786,306.86
787,Product_787,404.38
788,Product_788,285.42
789,Product_789,1361.38
790,Product_790,1490.77
791,Product_791,691.7
792,Product_792,641.07
793,Product_793,1682.12
794,Product_794,841.56
795,Product_795,1118.84
796,Product_796,842.45
797,Product_797,1188.95
798,Product_798,752.32
799,Product_799,405.62
800,Product_800,1571.0
801,Product_801,338.9
802,Product_802,251.88
803,Product_803,687.91
804,Product_804,1067.04
805,Product_805,747.26
806,Product_806,958.23
807,Product_807,1853.91
808,Product_808,606.28
809,Product_809,326.24
810,Product_810,1402.51
811,Product_811,192.98
812,Product_812,445.9
813,Product_813,7.95
814,Product_814,116.03
815,Product_815,692.35
816,Product_816,1831.75
817,Product_817,180.68
818,Product_818,191.97
819,Product_819,927.8
820,Product_820,1844.87
821,Product_821,507.75
822,Product_822,1379.96
823,Product_823,1828.76
824,Product_824,214.26
825,Product_825,581.51
826,Product_826,1950.9
827,Product_827,1167.97
828,Product_828,1141.31
829,Product_829,1018.58
830,Product_830,1410.95
831,Product_831,1382.31
832,Product_832,1598.74
833,Product_833,1639.02
834,Product_834,58.56
835,Product_835,729.01
836,Product_836,389.25
837,Product_837,1573.01
838,Product_838,1857.02
839,Product_839,302.65
840,Product_840,1466.13
841,Product_841,247.37
842,Product_842,605.48
843,Product_843,60.39
844,Product_844,1912.99
845,Product_845,1232.1
846,Product_846,289.74
847,Product_847,1961.34
848,Product_848,625.69
849,Product_849,1559.74
850,Product_850,1734.42
851,Product_851,1594.77
852,Product_852,636.96
853,Product_853,494.35
854,Product_854,198.6
855,Product_855,548.3
856,Product_856,59.85
857,Product_857,75.37
858,Product_858,820.4
859,Product_859,1869.69
860,Product_860,1692.54
861,Product_861,1734.36
862,Product_862,1146.18
863,Product_863,1471.49
864,Product_864,760.4
865,Product_865,1845.27
866,Product_866,190.96
867,Product_867,250.42
868,Product_868,856.69
869,Product_869,1904.99
870,Product_870,688.45
871,Product_871,1675.7
872,Product_872,1871.19
873,Product_873,1386.17
874,Product_874,1894.99
875,Product_875,387.52
876,Product_876,997.99
877,Product_877,1123.46
878,Product_878,30.31
879,Product_879,1014.47
880,Product_880,184.2
881,Product_881,1332.02
882,Product_882,911.59
883,Product_883,33.55
884,Product_884,602.26
885,Product_885,1736.22
886,Product_886,94.37
887,Product_887,1031.52
888,Product_888,898.97
889,Product_889,800.21
890,Product_890,508.45
891,Product_891,62.93
892,Product_892,819.76
893,Product_893,1001.44
894,Product_894,1632.62
895,Product_895,1058.45
896,Product_896,1670.13
897,Product_897,783.41
898,Product_898,1651.62
899,Product_899,597.94
900,Product_900,1037.26
901,Product_901,861.75
902,Product_902,193.15
903,Product_903,704.17
904,Product_904,329.59
905,Product_905,1063.08
906,Product_906,479.08
907,Product_907,953.79
908,Product_908,1541.15
909,Product_909,1216.99
910,Product_910,1491.04
911,Product_911,1358.84
912,Product_912,304.54
913,Product_913,1777.46
914,Product_914,1685.37
915,Product_915,1892.62
916,Product_916,814.56
917,Product_917,496.78
918,Product_918,1743.76
919,Product_919,1711.61
920,Product_920,716.73
921,Product_921,1013.52
922,Product_922,1260.66
923,Product_923,900.35
924,Product_924,861.32
925,Product_925,1507.15
926,Product_926,1482.49
927,Product_927,1772.47
928,Product_928,1754.45
929,Product_929,1118.33
930,Product_930,1729.84
931,Product_931,180.67
932,Product_932,205.6
933,Product_933,612.13
934,Product_934,972.28
935,Product_935,1954.46
936,Product_936,1883.69
937,Product_937,142.89
938,Product_938,1616.45
939,Product_939,864.92
940,Product_940,1954.95
941,Product_941,1712.99
942,Product_942,242.68
943,Product_943,556.72
944,Product_944,657.39
945,Product_945,1694.97
946,Product_946,1325.98
947,Product_947,993.54
948,Product_948,621.69
949,Product_949,298.11
950,Product_950,784.18
951,Product_951,1058.46
952,Product_952,119.39
953,Product_953,1080.59
954,Product_954,615.01
955,Product_955,1276.76
956,Product_956,1874.58
957,Product_957,1034.77
958,Product_958,839.74
959,Product_959,1033.34
960,Product_960,906.39
961,Product_961,1248.72
962,Product_962,1513.71
963,Product_963,433.6
964,Product_964,1778.33
965,Product_965,606.9
966,Product_966,52.5
967,Product_967,421.3
968,Product_968,1919.93
969,Product_969,1858.94
970,Product_970,1877.44
971,Product_971,1341.88
972,Product_972,1022.35
973,Product_973,1907.55
974,Product_974,1828.21
975,Product_975,1279.88
976,Product_976,319.69
977,Product_977,1584.93
978,Product_978,1081.44
979,Product_979,853.71
980,Product_980,1535.0
981,Product_981,974.58
982,Product_982,101.68
983,Product_983,1099.5
984,Product_984,526.29
985,Product_985,1729.69
986,Product_986,1444.11
987,Product_987,1556.5
988,Product_988,1512.66
989,Product_989,655.37
990,Product_990,748.2
991,Product_991,933.16
992,Product_992,703.91
993,Product_993,944.25
994,Product_994,235.28
995,Product_995,1456.5
996,Product_996,163.55
997,Product_997,783.7
998,Product_998,1944.88
999,Product_999,1891.66
1000,Product_1000,758.09
1001,Product_1001,290.67
1002,Product_1002,1882.32
1003,Product_1003,430.98
1004,Product_1004,1178.78
1005,Product_1005,1169.46
1006,Product_1006,471.42
1007,Product_1007,382.18
1008,Product_1008,211.08
1009,Product_1009,1497.09
1010,Product_1010,1826.27
1011,Product_1011,1588.7
1012,Product_1012,1936.69
1013,Product_1013,347.92
1014,Product_1014,755.47
1015,Product_1015,823.53
1016,Product_1016,600.77
1017,Product_1017,1425.93
1018,Product_1018,1567.12
1019,Product_1019,758.13
1020,Product_1020,1695.13
1021,Product_1021,279.09
1022,Product_1022,393.88
1023,Product_1023,507.35
1024,Product_1024,1298.34
1025,Product_1025,1317.93
1026,Product_1026,1905.48
1027,Product_1027,1060.15
1028,Product_1028,550.64
1029,Product_1029,1862.81
1030,Product_1030,1424.97
1031,Product_1031,1631.57
1032,Product_1032,249.58
1033,Product_1033,1871.87
1034,Product_1034,676.04
1035,Product_1035,990.72
1036,Product_1036,429.77
1037,Product_1037,1838.86
1038,Product_1038,755.15
1039,Product_1039,1217.05
1040,Product_1040,1430.31
1041,Product_1041,662.47
1042,Product_1042,223.73
1043,Product_1043,28.52
1044,Product_1044,642.35
1045,Product_1045,1936.57
1046,Product_1046,841.64
1047,Product_1047,489.17
1048,Product_1048,25.14
1049,Product_1049,1914.38
1050,Product_1050,354.9
1051,Product_1051,1095.71
1052,Product_1052,1359.96
1053,Product_1053,1648.07
1054,Product_1054,1148.47
1055,Product_1055,1949.25
1056,Product_1056,21.78
1057,Product_1057,335.04
1058,Product_1058,1544.84
1059,Product_1059,662.65
1060,Product_1060,1740.6
1061,Product_1061,449.17
1062,Product_1062,1965.33
1063,Product_1063,193.84
1064,Product_1064,946.89
1065,Product_1065,1959.8
1066,Product_1066,1900.99
1067,Product_1067,1908.59
1068,Product_1068,487.09
1069,Product_1069,1438.53
1070,Product_1070,557.84
1071,Product_1071,1753.46
1072,Product_1072,719.77
1073,Product_1073,505.2
1074,Product_1074,976.02
1075,Product_1075,1109.57
1076,Product_1076,58.33
1077,Product_1077,27.2
1078,Product_1078,1287.77
1079,Product_1079,254.31
1080,Product_1080,1034.57
1081,Product_1081,1156.39
1082,Product_1082,1494.68
1083,Product_1083,1164.73
1084,Product_1084,1396.04
1085,Product_1085,669.4
1086,Product_1086,878.52
1087,Product_1087,1884.81
1088,Product_1088,1116.86
1089,Product_1089,387.61
1090,Product_1090,752.48
1091,Product_1091,714.4
1092,Product_1092,18.08
1093,Product_1093,1634.93
1094,Product_1094,1970.91
1095,Product_1095,412.91
1096,Product_1096,85.61
1097,Product_1097,373.1
1098,Product_1098,398.16
1099,Product_1099,82.14
1100,Product_1100,1099.51
1101,Product_1101,1397.8
1102,Product_1102,1359.93
1103,Product_1103,772.8
1104,Product_1104,1905.35
1105,Product_1105,751.39
1106,Product_1106,1201.12
1107,Product_1107,1371.83
1108,Product_1108,514.45
1109,Product_1109,855.39
1110,Product_1110,1381.69
1111,Product_1111,1926.28
1112,Product_1112,996.8
1113,Product_1113,1989.66
1114,Product_1114,104.94
1115,Product_1115,628.43
1116,Product_1116,652.11
1117,Product_1117,1081.21
1118,Product_1118,1130.28
1119,Product_1119,729.12
1120,Product_1120,1507.46
1121,Product_1121,1586.34
1122,Product_1122,1441.68
1123,Product_1123,988.24
1124,Product_1124,663.75
1125,Product_1125,805.68
1126,Product_1126,1742.0
1127,Product_1127,1865.08
1128,Product_1128,217.22
1129,Product_1129,99.84
1130,Product_1130,1597.4
1131,Product_1131,749.71
1132,Product_1132,1603.77
1133,Product_1133,78.8
1134,Product_1134,337.45
1135,Product_1135,1410.21
1136,Product_1136,682.14
1137,Product_1137,230.69
1138,Product_1138,1661.44
1139,Product_1139,1652.65
1140,Product_1140,1186.75
1141,Product_1141,1542.49
1142,Product_1142,799.99
1143,Product_1143,1384.1
1144,Product_1144,578.83
1145,Product_1145,1536.28
1146,Product_1146,1790.27
1147,Product_1147,1281.12
1148,Product_1148,1164.53
1149,Product_1149,494.93
1150,Product_1150,348.84
1151,Product_1151,1943.46
1152,Product_1152,283.05
1153,Product_1153,1934.67
1154,Product_1154,1751.2
1155,Product_1155,1729.49
1156,Product_1156,1813.03
1157,Product_1157,1978.76
1158,Product_1158,636.63
1159,Product_1159,110.2
1160,Product_1160,856.64
1161,Product_1161,549.06
1162,Product_1162,50.08
1163,Product_1163,1951.1
1164,Product_1164,1252.71
1165,Product_1165,1991.22
1166,Product_1166,142.71
1167,Product_1167,1185.01
1168,Product_1168,917.43
1169,Product_1169,1021.67
1170,Product_1170,408.11
1171,Product_1171,1132.84
1172,Product_1172,1799.02
1173,Product_1173,1038.84
1174,Product_1174,1996.31
1175,Product_1175,1371.64
1176,Product_1176,652.54
1177,Product_1177,1047.66
1178,Product_1178,1725.94
1179,Product_1179,1773.53
1180,Product_1180,335.52
1181,Product_1181,1766.6
1182,Product_1182,1858.95
1183,Product_1183,686.09
1184,Product_1184,1077.43
1185,Product_1185,663.69
1186,Product_1186,17.93
1187,Product_1187,1003.8
1188,Product_1188,405.82
1189,Product_1189,30.29
1190,Product_1190,603.5
1191,Product_1191,143.48
1192,Product_1192,1857.46
1193,Product_1193,657.22
1194,Product_1194,193.52
1195,Product_1195,513.74
1196,Product_1196,370.98
1197,Product_1197,509.68
1198,Product_1198,1157.74
1199,Product_1199,753.47
1200,Product_1200,1710.21
1201,Product_1201,1723.5
1202,Product_1202,1259.72
1203,Product_1203,569.95
1204,Product_1204,82.23
1205,Product_1205,501.14
1206,Product_1206,1079.67
1207,Product_1207,1824.01
1208,Product_1208,1875.1
1209,Product_1209,592.5
1210,Product_1210,13.24
1211,Product_1211,490.76
1212,Product_1212,1814.66
1213,Product_1213,1023.3
1214,Product_1214,72.61
1215,Product_1215,1053.03
1216,Product_1216,913.52
1217,Product_1217,305.54
1218,Product_1218,1180.47
1219,Product_1219,1941.48
1220,Product_1220,1275.32
1221,Product_1221,1790.45
1222,Product_1222,1262.28
1223,Product_1223,1084.85
1224,Product_1224,1613.48
1225,Product_1225,1696.56
1226,Product_1226,864.09
1227,Product_1227,886.33
1228,Product_1228,189.07
1229,Product_1229,1481.13
1230,Product_1230,982.66
1231,Product_1231,286.66
1232,Product_1232,1651.48
1233,Product_1233,464.7
1234,Product_1234,555.14
1235,Product_1235,723.69
1236,Product_1236,1808.86
1237,Product_1237,940.68
1238,Product_1238,535.16
1239,Product_1239,479.6
1240,Product_1240,669.75
1241,Product_1241,1598.17
1242,Product_1242,438.73
1243,Product_1243,1649.48
1244,Product_1244,948.37
1245,Product_1245,1328.49
1246,Product_1246,506.21
1247,Product_1247,264.36
1248,Product_1248,1803.58
1249,Product_1249,1048.73
1250,Product_1250,737.35
1251,Product_1251,491.65
1252,Product_1252,469.38
1253,Product_1253,85.41
1254,Product_1254,1812.92
1255,Product_1255,1657.18
1256,Product_1256,1884.23
1257,Product_1257,1222.42
1258,Product_1258,253.03
1259,Product_1259,1189.95
1260,Product_1260,176.17
1261,Product_1261,865.9
1262,Product_1262,129.61
1263,Product_1263,692.47
1264,Product_1264,49.22
1265,Product_1265,75.42
1266,Product_1266,1215.31
1267,Product_1267,610.91
1268,Product_1268,809.36
1269,Product_1269,1837.26
1270,Product_1270,1996.33
1271,Product_1271,777.96
1272,Product_1272,1734.6
1273,Product_1273,1393.76
1274,Product_1274,231.54
1275,Product_1275,164.03
1276,Product_1276,354.1
1277,Product_1277,1808.84
1278,Product_1278,1833.19
1279,Product_1279,984.79
1280,Product_1280,711.97
1281,Product_1281,252.38
1282,Product_1282,1313.06
1283,Product_1283,1584.0
1284,Product_1284,1926.23
1285,Product_1285,611.57
1286,Product_1286,1293.09
1287,Product_1287,1271.03
1288,Product_1288,348.27
1289,Product_1289,1853.85
1290,Product_1290,826.01
1291,Product_1291,1488.25
1292,Product_1292,25.42
1293,Product_1293,1940.9
1294,Product_1294,1998.46
1295,Product_1295,1757.36
1296,Product_1296,1851.9
1297,Product_1297,163.41
1298,Product_1298,1016.74
1299,Product_1299,305.65
1300,Product_1300,436.34
1301,Product_1301,59.6
1302,Product_1302,1693.1
1303,Product_1303,489.01
1304,Product_1304,841.01
1305,Product_1305,986.69
1306,Product_1306,1439.95
1307,Product_1307,687.89
1308,Product_1308,1420.0
1309,Product_1309,1089.36
1310,Product_1310,1181.24
1311,Product_1311,1274.38
1312,Product_1312,1982.71
1313,Product_1313,981.21
1314,Product_1314,1527.42
1315,Product_1315,919.94
1316,Product_1316,1710.77
1317,Product_1317,1852.82
1318,Product_1318,1143.96
1319,Product_1319,1269.19
1320,Product_1320,524.65
1321,Product_1321,1438.78
1322,Product_1322,1254.98
1323,Product_1323,1150.88
1324,Product_1324,1589.87
1325,Product_1325,806.83
1326,Product_1326,185.44
1327,Product_1327,186.49
1328,Product_1328,238.23
1329,Product_1329,1980.74
1330,Product_1330,625.29
1331,Product_1331,385.2
1332,Product_1332,1645.24
1333,Product_1333,1160.07
1334,Product_1334,1465.28
1335,Product_1335,1329.48
1336,Product_1336,405.27
1337,Product_1337,1153.56
1338,Product_1338,1786.14
1339,Product_1339,1156.36
1340,Product_1340,1115.69
1341,Product_1341,753.29
1342,Product_1342,432.34
1343,Product_1343,331.38
1344,Product_1344,260.88
1345,Product_1345,123.62
1346,Product_1346,1429.63
1347,Product_1347,1363.51
1348,Product_1348,35.66
1349,Product_1349,297.15
1350,Product_1350,1918.34
1351,Product_1351,1977.42
1352,Product_1352,1664.73
1353,Product_1353,676.45
1354,Product_1354,451.51
1355,Product_1355,615.46
1356,Product_1356,1860.07
1357,Product_1357,137.79
1358,Product_1358,932.37
1359,Product_1359,790.11
1360,Product_1360,1541.97
1361,Product_1361,1254.2
1362,Product_1362,388.16
1363,Product_1363,1458.25
1364,Product_1364,1196.22
1365,Product_1365,31.99
1366,Product_1366,1647.16
1367,Product_1367,920.3
1368,Product_1368,390.84
1369,Product_1369,63.53
1370,Product_1370,1951.11
1371,Product_1371,1879.37
1372,Product_1372,1228.24
1373,Product_1373,545.6
1374,Product_1374,134.79
1375,Product_1375,597.65
1376,Product_1376,1832.63
1377,Product_1377,54.65
1378,Product_1378,680.46
1379,Product_1379,301.4
1380,Product_1380,1610.52
1381,Product_1381,1313.99
1382,Product_1382,1113.9
1383,Product_1383,1317.0
1384,Product_1384,676.61
1385,Product_1385,323.85
1386,Product_1386,1527.44
1387,Product_1387,1766.42
1388,Product_1388,578.5
1389,Product_1389,724.7
1390,Product_1390,699.63
1391,Product_1391,1197.22
1392,Product_1392,1392.84
1393,Product_1393,1850.61
1394,Product_1394,366.65
1395,Product_1395,1214.33
1396,Product_1396,522.33
1397,Product_1397,172.03
1398,Product_1398,298.21
1399,Product_1399,1016.04
1400,Product_1400,971.92
1401,Product_1401,821.85
1402,Product_1402,1065.08
1403,Product_1403,258.42
1404,Product_1404,208.65
1405,Product_1405,1604.89
1406,Product_1406,1315.98
1407,Product_1407,249.61
1408,Product_1408,26.27
1409,Product_1409,1995.88
1410,Product_1410,983.38
1411,Product_1411,861.48
1412,Product_1412,886.4
1413,Product_1413,423.82
1414,Product_1414,1430.41
1415,Product_1415,1088.71
1416,Product_1416,693.15
1417,Product_1417,1862.55
1418,Product_1418,1648.36
1419,Product_1419,1206.3
1420,Product_1420,1295.26
1421,Product_1421,1760.79
1422,Product_1422,143.09
1423,Product_1423,14.17
1424,Product_1424,967.6
1425,Product_1425,1998.96
1426,Product_1426,879.09
1427,Product_1427,1391.52
1428,Product_1428,1816.22
1429,Product_1429,749.27
1430,Product_1430,62.37
1431,Product_1431,1682.33
1432,Product_1432,905.2
1433,Product_1433,1033.18
1434,Product_1434,877.03
1435,Product_1435,1187.39
1436,Product_1436,1587.14
1437,Product_1437,444.21
1438,Product_1438,1318.91
1439,Product_1439,14.6
1440,Product_1440,1853.85
1441,Product_1441,1300.47
1442,Product_1442,454.61
1443,Product_1443,957.54
1444,Product_1444,424.53
1445,Product_1445,1301.99
1446,Product_1446,1032.34
1447,Product_1447,290.72
1448,Product_1448,896.17
1449,Product_1449,720.72
1450,Product_1450,628.27
1451,Product_1451,1702.13
1452,Product_1452,499.91
1453,Product_1453,1692.62
1454,Product_1454,209.16
1455,Product_1455,550.36
1456,Product_1456,564.95
1457,Product_1457,820.9
1458,Product_1458,1342.25
1459,Product_1459,71.42
1460,Product_1460,831.83
1461,Product_1461,434.96
1462,Product_1462,978.36
1463,Product_1463,165.74
1464,Product_1464,1789.95
1465,Product_1465,216.98
1466,Product_1466,1850.29
1467,Product_1467,692.23
1468,Product_1468,1093.28
1469,Product_1469,1488.87
1470,Product_1470,1028.36
1471,Product_1471,1869.59
1472,Product_1472,1178.15
1473,Product_1473,426.49
1474,Product_1474,77.86
1475,Product_1475,1442.78
1476,Product_1476,85.32
1477,Product_1477,1619.99
1478,Product_1478,452.81
1479,Product_1479,1527.98
1480,Product_1480,42.28
1481,Product_1481,896.77
1482,Product_1482,1586.03
1483,Product_1483,176.77
1484,Product_1484,1489.24
1485,Product_1485,920.01
1486,Product_1486,1731.1
1487,Product_1487,870.67
1488,Product_1488,1625.4
1489,Product_1489,1329.53
1490,Product_1490,902.51
1491,Product_1491,1972.92
1492,Product_1492,1349.08
1493,Product_1493,848.03
1494,Product_1494,38.8
1495,Product_1495,1677.69
1496,Product_1496,501.19
1497,Product_1497,1867.32
1498,Product_1498,109.38
1499,Product_1499,10.73
1500,Product_1500,1961.43
1501,Product_1501,1994.13
1502,Product_1502,1245.66
1503,Product_1503,612.06
1504,Product_1504,1917.63
1505,Product_1505,1613.59
1506,Product_1506,778.74
1507,Product_1507,1499.87
1508,Product_1508,1572.33
1509,Product_1509,51.37
1510,Product_1510,1000.26
1511,Product_1511,1524.34
1512,Product_1512,1930.45
1513,Product_1513,1642.93
1514,Product_1514,686.7
1515,Product_1515,650.28
1516,Product_1516,173.48
1517,Product_1517,1694.73
1518,Product_1518,111.71
1519,Product_1519,1187.44
1520,Product_1520,1223.3
1521,Product_1521,1346.77
1522,Product_1522,1944.79
1523,Product_1523,588.1
1524,Product_1524,547.7
1525,Product_1525,1192.56
1526,Product_1526,1164.77
1527,Product_1527,1901.12
1528,Product_1528,480.23
1529,Product_1529,391.37
1530,Product_1530,860.38
1531,Product_1531,284.34
1532,Product_1532,1101.72
1533,Product_1533,1847.97
1534,Product_1534,78.43
1535,Product_1535,1701.74
1536,Product_1536,1766.41
1537,Product_1537,1184.91
1538,Product_1538,1796.11
1539,Product_1539,1467.99
1540,Product_1540,673.62
1541,Product_1541,1211.43
1542,Product_1542,844.53
1543,Product_1543,319.06
1544,Product_1544,1364.56
1545,Product_1545,1062.5
1546,Product_1546,586.48
1547,Product_1547,1626.78
1548,Product_1548,507.63
1549,Product_1549,65.33
1550,Product_1550,1083.41
1551,Product_1551,702.73
1552,Product_1552,1042.7
1553,Product_1553,598.0
1554,Product_1554,256.54
1555,Product_1555,1513.82
1556,Product_1556,821.49
1557,Product_1557,1172.6
1558,Product_1558,1291.55
1559,Product_1559,161.88
1560,Product_1560,597.64
1561,Product_1561,135.37
1562,Product_1562,1139.72
1563,Product_1563,903.5
1564,Product_1564,1012.39
1565,Product_1565,105.86
1566,Product_1566,1407.45
1567,Product_1567,1445.21
1568,Product_1568,282.83
1569,Product_1569,1726.81
1570,Product_1570,1112.19
1571,Product_1571,1244.5
1572,Product_1572,1487.65
1573,Product_1573,401.17
1574,Product_1574,290.47
1575,Product_1575,1536.55
1576,Product_1576,359.83
1577,Product_1577,1530.72
1578,Product_1578,957.14
1579,Product_1579,342.62
1580,Product_1580,641.37
1581,Product_1581,1991.85
1582,Product_1582,1853.66
1583,Product_1583,320.3
1584,Product_1584,1756.57
1585,Product_1585,598.11
1586,Product_1586,86.49
1587,Product_1587,1750.15
1588,Product_1588,1131.21
1589,Product_1589,1377.72
1590,Product_1590,1876.79
1591,Product_1591,1913.2
1592,Product_1592,969.89
1593,Product_1593,624.19
1594,Product_1594,420.27
1595,Product_1595,468.31
1596,Product_1596,296.14
1597,Product_1597,1631.67
1598,Product_1598,1940.87
1599,Product_1599,112.32
1600,Product_1600,1715.01
1601,Product_1601,1313.38
1602,Product_1602,1027.83
1603,Product_1603,782.99
1604,Product_1604,1377.8
1605,Product_1605,1288.16
1606,Product_1606,613.75
1607,Product_1607,903.06
1608,Product_1608,1684.33
1609,Product_1609,1002.08
1610,Product_1610,1314.72
1611,Product_1611,1299.87
1612,Product_1612,862.63
1613,Product_1613,263.08
1614,Product_1614,780.91
1615,Product_1615,1798.58
1616,Product_1616,1127.81
1617,Product_1617,1431.7
1618,Product_1618,1066.18
1619,Product_1619,271.77
1620,Product_1620,547.39
1621,Product_1621,612.68
1622,Product_1622,637.41
1623,Product_1623,945.37
1624,Product_1624,1459.59
1625,Product_1625,1925.28
1626,Product_1626,550.73
1627,Product_1627,55.94
1628,Product_1628,345.77
1629,Product_1629,705.35
1630,Product_1630,1802.23
1631,Product_1631,609.24
1632,Product_1632,1522.07
1633,Product_1633,21.16
1634,Product_1634,1018.99
1635,Product_1635,911.94
1636,Product_1636,567.11
1637,Product_1637,217.28
1638,Product_1638,1670.23
1639,Product_1639,1915.86
1640,Product_1640,854.01
1641,Product_1641,999.09
1642,Product_1642,1931.54
1643,Product_1643,608.36
1644,Product_1644,1680.99
1645,Product_1645,1536.17
1646,Product_1646,35.1
1647,Product_1647,423.37
1648,Product_1648,115.48
1649,Product_1649,1489.53
1650,Product_1650,567.64
1651,Product_1651,1760.31
1652,Product_1652,104.63
1653,Product_1653,334.26
1654,Product_1654,527.36
1655,Product_1655,1264.15
1656,Product_1656,1032.87
1657,Product_1657,993.05
1658,Product_1658,643.27
1659,Product_1659,1273.95
1660,Product_1660,913.83
1661,Product_1661,1501.04
1662,Product_1662,55.39
1663,Product_1663,891.89
1664,Product_1664,119.64
1665,Product_1665,324.07
1666,Product_1666,1752.42
1667,Product_1667,325.28
1668,Product_1668,331.16
1669,Product_1669,1003.37
1670,Product_1670,913.47
1671,Product_1671,664.38
1672,Product_1672,1015.7
1673,Product_1673,413.44
1674,Product_1674,383.21
1675,Product_1675,986.88
1676,Product_1676,741.32
1677,Product_1677,1039.81
1678,Product_1678,453.82
1679,Product_1679,960.85
1680,Product_1680,548.01
1681,Product_1681,1625.61
1682,Product_1682,342.15
1683,Product_1683,1371.15
1684,Product_1684,1166.0
1685,Product_1685,1830.85
1686,Product_1686,412.86
1687,Product_1687,779.11
1688,Product_1688,829.11
1689,Product_1689,1373.24
1690,Product_1690,326.9
1691,Product_1691,631.17
1692,Product_1692,1985.58
1693,Product_1693,1863.93
1694,Product_1694,307.42
1695,Product_1695,1689.35
1696,Product_1696,1027.73
1697,Product_1697,1468.82
1698,Product_1698,1230.56
1699,Product_1699,1535.64
1700,Product_1700,1977.92
1701,Product_1701,354.79
1702,Product_1702,931.67
1703,Product_1703,1938.01
1704,Product_1704,1701.75
1705,Product_1705,1652.09
1706,Product_1706,1005.54
1707,Product_1707,311.51
1708,Product_1708,1922.49
1709,Product_1709,37.35
1710,Product_1710,266.81
1711,Product_1711,1603.4
1712,Product_1712,1915.85
1713,Product_1713,618.45
1714,Product_1714,1106.55
1715,Product_1715,1083.37
1716,Product_1716,1368.68
1717,Product_1717,492.38
1718,Product_1718,356.24
1719,Product_1719,1870.21
1720,Product_1720,1947.16
1721,Product_1721,1963.51
1722,Product_1722,141.66
1723,Product_1723,524.16
1724,Product_1724,165.38
1725,Product_1725,878.2
1726,Product_1726,1041.94
1727,Product_1727,963.27
1728,Product_1728,254.19
1729,Product_1729,165.99
1730,Product_1730,1781.96
1731,Product_1731,331.89
1732,Product_1732,1776.16
1733,Product_1733,1843.34
1734,Product_1734,1436.84
1735,Product_1735,351.85
1736,Product_1736,1682.63
1737,Product_1737,1175.17
1738,Product_1738,996.69
1739,Product_1739,796.69
1740,Product_1740,1559.95
1741,Product_1741,1239.54
1742,Product_1742,490.02
1743,Product_1743,1651.85
1744,Product_1744,1340.05
1745,Product_1745,306.86
1746,Product_1746,1996.83
1747,Product_1747,1924.14
1748,Product_1748,273.99
1749,Product_1749,693.15
1750,Product_1750,1356.25
1751,Product_1751,1178.93
1752,Product_1752,619.77
1753,Product_1753,1947.78
1754,Product_1754,427.8
1755,Product_1755,1070.58
1756,Product_1756,853.56
1757,Product_1757,1021.22
1758,Product_1758,991.34
1759,Product_1759,964.1
1760,Product_1760,628.27
1761,Product_1761,708.8
1762,Product_1762,1143.15
1763,Product_1763,330.06
1764,Product_1764,1297.95
1765,Product_1765,1573.17
1766,Product_1766,1486.97
1767,Product_1767,41.1
1768,Product_1768,1224.99
1769,Product_1769,288.13
1770,Product_1770,64.43
1771,Product_1771,338.69
1772,Product_1772,843.64
1773,Product_1773,519.17
1774,Product_1774,1533.45
1775,Product_1775,89.6
1776,Product_1776,1690.2
1777,Product_1777,1998.73
1778,Product_1778,1885.05
1779,Product_1779,770.21
1780,Product_1780,1356.38
1781,Product_1781,1031.04
1782,Product_1782,1360.46
1783,Product_1783,1098.93
1784,Product_1784,1588.37
1785,Product_1785,213.94
1786,Product_1786,147.19
1787,Product_1787,1830.46
1788,Product_1788,871.89
1789,Product_1789,963.96
1790,Product_1790,142.51
1791,Product_1791,172.27
1792,Product_1792,404.64
1793,Product_1793,1675.83
1794,Product_1794,538.47
1795,Product_1795,1699.99
1796,Product_1796,174.56
1797,Product_1797,436.47
1798,Product_1798,132.71
1799,Product_1799,217.57
1800,Product_1800,711.71
1801,Product_1801,1184.75
1802,Product_1802,210.95
1803,Product_1803,1322.77
1804,Product_1804,115.53
1805,Product_1805,582.19
1806,Product_1806,977.69
1807,Product_1807,955.7
1808,Product_1808,662.92
1809,Product_1809,1879.61
1810,Product_1810,337.94
1811,Product_1811,656.38
1812,Product_1812,102.06
1813,Product_1813,899.48
1814,Product_1814,1086.15
1815,Product_1815,1286.73
1816,Product_1816,1679.71
1817,Product_1817,1125.33
1818,Product_1818,1416.19
1819,Product_1819,119.41
1820,Product_1820,1767.56
1821,Product_1821,1133.44
1822,Product_1822,810.56
1823,Product_1823,1954.46
1824,Product_1824,505.36
1825,Product_1825,121.61
1826,Product_1826,1786.54
1827,Product_1827,28.2
1828,Product_1828,513.08
1829,Product_1829,1049.47
1830,Product_1830,1662.41
1831,Product_1831,487.25
1832,Product_1832,1947.94
1833,Product_1833,1980.16
1834,Product_1834,248.2
1835,Product_1835,350.53
1836,Product_1836,1985.99
1837,Product_1837,426.24
1838,Product_1838,1749.58
1839,Product_1839,577.32
1840,Product_1840,840.54
1841,Product_1841,720.13
1842,Product_1842,1029.65
1843,Product_1843,1077.5
1844,Product_1844,715.03
1845,Product_1845,678.2
1846,Product_1846,305.96
1847,Product_1847,965.96
1848,Product_1848,1209.51
1849,Product_1849,1542.69
1850,Product_1850,756.22
1851,Product_1851,747.47
1852,Product_1852,1899.55
1853,Product_1853,166.34
1854,Product_1854,1389.03
1855,Product_1855,708.88
1856,Product_1856,700.7
1857,Product_1857,1834.71
1858,Product_1858,1549.89
1859,Product_1859,1985.53
1860,Product_1860,1874.01
1861,Product_1861,750.25
1862,Product_1862,1932.64
1863,Product_1863,769.2
1864,Product_1864,1141.3
1865,Product_1865,218.35
1866,Product_1866,1289.62
1867,Product_1867,1747.71
1868,Product_1868,1039.3
1869,Product_1869,1098.11
1870,Product_1870,1597.44
1871,Product_1871,635.49
1872,Product_1872,1084.51
1873,Product_1873,1932.46
1874,Product_1874,1224.1
1875,Product_1875,133.98
1876,Product_1876,1222.62
1877,Product_1877,1588.02
1878,Product_1878,186.03
1879,Product_1879,283.84
1880,Product_1880,90.93
1881,Product_1881,1519.8
1882,Product_1882,1291.62
1883,Product_1883,1291.13
1884,Product_1884,873.54
1885,Product_1885,1226.28
1886,Product_1886,1650.28
1887,Product_1887,289.43
1888,Product_1888,478.94
1889,Product_1889,1065.97
1890,Product_1890,1641.79
1891,Product_1891,1219.8
1892,Product_1892,414.64
1893,Product_1893,536.38
1894,Product_1894,1060.88
1895,Product_1895,363.32
1896,Product_1896,645.43
1897,Product_1897,126.23
1898,Product_1898,305.59
1899,Product_1899,845.19
1900,Product_1900,1563.16
1901,Product_1901,202.0
1902,Product_1902,1782.3
1903,Product_1903,1240.7
1904,Product_1904,303.31
1905,Product_1905,1459.65
1906,Product_1906,1487.12
1907,Product_1907,1352.68
1908,Product_1908,1492.05
1909,Product_1909,583.56
1910,Product_1910,873.63
1911,Product_1911,1606.99
1912,Product_1912,1280.41
1913,Product_1913,1115.2
1914,Product_1914,925.86
1915,Product_1915,1207.41
1916,Product_1916,532.82
1917,Product_1917,221.18
1918,Product_1918,311.05
1919,Product_1919,1292.94
1920,Product_1920,1229.57
1921,Product_1921,1757.85
1922,Product_1922,592.39
1923,Product_1923,1178.24
1924,Product_1924,1678.61
1925,Product_1925,1741.08
1926,Product_1926,1323.38
1927,Product_1927,708.02
1928,Product_1928,1964.69
1929,Product_1929,788.98
1930,Product_1930,815.83
1931,Product_1931,377.24
1932,Product_1932,1378.42
1933,Product_1933,386.21
1934,Product_1934,923.06
1935,Product_1935,1031.38
1936,Product_1936,1563.87
1937,Product_1937,1030.28
1938,Product_1938,931.28
1939,Product_1939,956.03
1940,Product_1940,987.22
1941,Product_1941,673.56
1942,Product_1942,738.14
1943,Product_1943,60.98
1944,Product_1944,1212.71
1945,Product_1945,1213.91
1946,Product_1946,91.39
1947,Product_1947,575.42
1948,Product_1948,159.41
1949,Product_1949,205.48
1950,Product_1950,1688.59
1951,Product_1951,1734.31
1952,Product_1952,744.65
1953,Product_1953,1419.65
1954,Product_1954,1893.43
1955,Product_1955,1304.88
1956,Product_1956,309.96
1957,Product_1957,610.39
1958,Product_1958,1676.27
1959,Product_1959,1612.38
1960,Product_1960,1536.87
1961,Product_1961,772.7
1962,Product_1962,596.33
1963,Product_1963,1732.99
1964,Product_1964,1521.35
1965,Product_1965,32.56
1966,Product_1966,634.51
1967,Product_1967,1221.78
1968,Product_1968,455.22
1969,Product_1969,429.41
1970,Product_1970,382.1
1971,Product_1971,560.59
1972,Product_1972,514.77
1973,Product_1973,115.17
1974,Product_1974,1652.98
1975,Product_1975,1941.46
1976,Product_1976,1667.45
1977,Product_1977,1530.51
1978,Product_1978,382.04
1979,Product_1979,1043.76
1980,Product_1980,1897.7
1981,Product_1981,819.43
1982,Product_1982,1062.59
1983,Product_1983,461.96
1984,Product_1984,148.88
1985,Product_1985,1622.1
1986,Product_1986,1804.88
1987,Product_1987,1580.78
1988,Product_1988,499.2
1989,Product_1989,328.93
1990,Product_1990,191.0
1991,Product_1991,869.27
1992,Product_1992,1027.06
1993,Product_1993,825.73
1994,Product_1994,83.39
1995,Product_1995,1383.33
1996,Product_1996,755.85
1997,Product_1997,1859.31
1998,Product_1998,782.54
1999,Product_1999,137.47
2000,Product_2000,1196.6
